Submission id,Participant id,Status,Started at,Completed at,Reviewed at,Archived at,Time taken,Completion code,Total approvals,Age,Sex,Ethnicity simplified,Country of birth,Country of residence,Nationality,Language,Student status,Employment status,Custom study tncs accepted at
6531984bbedc1e5dc7bb617b,5dd663c3cf8e7e5efc123950,APPROVED,2023-10-19T20:57:50.448000Z,2023-10-19T21:15:21.421000Z,2023-10-23T00:46:19.123000Z,2023-10-19T21:15:22.009434Z,1051,CVPIIDEI,1574,36,Male,White,United States,United States,United States,English,DATA_EXPIRED,DATA_EXPIRED,
65319b36f9f65a6bf1bdb421,5cf9daa3d66e12001c2613a4,APPROVED,2023-10-19T21:12:19.595000Z,2023-10-19T21:46:48.533000Z,2023-10-23T00:46:40.174000Z,2023-10-19T21:46:49.282651Z,2069,NOCODE,846,32,Female,White,United States,United States,United States,English,Yes,Full-Time,
65369be3b220495e3f116c42,5e83fac714116815b0e8879f,APPROVED,2023-10-23T16:14:30.544000Z,2023-10-23T16:23:19.075000Z,2023-10-23T19:18:35.940000Z,2023-10-23T16:23:19.756712Z,529,CVPIIDEI,15,23,Female,White,United States,United States,United States,English,Yes,DATA_EXPIRED,
65369e0fdeae31bbc2b79c67,5cf7738aee94190018d73574,APPROVED,2023-10-23T16:24:57.293000Z,2023-10-23T16:44:54.819000Z,2023-10-23T19:18:39.971000Z,2023-10-23T16:44:55.333215Z,1198,CVPIIDEI,2556,35,Female,White,United States,United States,United States,English,No,Full-Time,
6536a0b993c356848e6a6bf0,653689b422c291ab865220da,APPROVED,2023-10-23T16:35:14.258000Z,2023-10-23T16:52:17.677000Z,2023-10-23T19:18:41.416000Z,2023-10-23T16:52:18.253325Z,1024,CVPIIDEI,3,39,Female,Mixed,United States,United States,United States,English,DATA_EXPIRED,DATA_EXPIRED,
6536a675781eee4d1af73c81,5e90d6e24e0cfb0d2b8006c0,APPROVED,2023-10-23T16:59:41.035000Z,2023-10-23T17:17:20.639000Z,2023-10-23T19:18:42.592000Z,2023-10-23T17:22:23.957855Z,1060,CVPIIDEI,810,32,Male,Other,United States,United States,United States,English,No,Full-Time,
6536a6cc3e4407b732e5c8da,62fff3a366f10202cc095b1e,APPROVED,2023-10-23T17:02:01.349000Z,2023-10-23T17:40:58.769000Z,2023-10-23T19:18:43.917000Z,2023-10-23T17:40:59.536766Z,2338,CVPIIDEI,824,32,Male,Other,United States,United States,United States,English,Yes,Unemployed (and job seeking),
65381eea4f27d81c3184cfa8,5f920aa80a785011ef6906e3,APPROVED,2023-10-24T19:45:52.832000Z,2023-10-24T20:08:50.642000Z,2023-10-25T12:29:30.833000Z,2023-10-24T20:08:51.141318Z,1378,CVPIIDEI,1066,34,Male,White,United States,United States,United States,English,DATA_EXPIRED,DATA_EXPIRED,
6538212c8343c8f8866d48a2,5faa369a7112b63051d70135,APPROVED,2023-10-24T19:55:30.220000Z,2023-10-24T20:17:20.131000Z,2023-10-25T12:29:32.590000Z,2023-10-24T20:17:20.677790Z,1310,CVPIIDEI,1411,33,Male,White,United States,United States,United States,English,DATA_EXPIRED,DATA_EXPIRED,
653822a65cda76b101bb2aba,60ff46f0d588d3f6f641a0ee,APPROVED,2023-10-24T20:01:47.056000Z,2023-10-24T20:34:23.275000Z,2023-10-25T12:29:33.906000Z,2023-10-24T20:34:23.750486Z,1957,CVPIIDEI,758,33,Female,Black,United States,United States,United States,English,DATA_EXPIRED,DATA_EXPIRED,
653822b94299920718f15273,6532afc996aad781b8ade182,APPROVED,2023-10-24T20:02:09.833000Z,2023-10-24T21:04:23.240000Z,2023-10-25T12:29:35.406000Z,2023-10-24T21:04:23.748110Z,3734,CVPIIDEI,6,35,Female,White,United States,United States,United States,English,No,DATA_EXPIRED,
6538238668fe62416ac2303d,63d003e243ba8ab8dbdb208b,APPROVED,2023-10-24T20:05:30.694000Z,2023-10-24T20:26:06.355000Z,2023-10-25T12:29:36.515000Z,2023-10-24T20:26:07.007267Z,1236,CVPIIDEI,6,21,Male,Black,DATA_EXPIRED,United States,United States,English,DATA_EXPIRED,DATA_EXPIRED,
653824465cef4070421e076d,653679fee376ae34ff6366c2,APPROVED,2023-10-24T20:08:42.504000Z,2023-10-24T20:20:07.547000Z,2023-10-25T12:29:05.791000Z,2023-10-24T20:20:08.259250Z,686,CVPIIDEI,10,30,Female,White,United States,United States,United States,English,No,DATA_EXPIRED,
6538244d81b355801fd12832,5da8893e7a7b6a0011965f84,APPROVED,2023-10-24T20:09:26.838000Z,2023-10-24T20:22:36.257000Z,2023-10-25T12:29:10.625000Z,2023-10-24T20:22:37.003495Z,790,CVPIIDEI,159,33,Female,White,United States,United States,United States,English,DATA_EXPIRED,DATA_EXPIRED,
65382597dcd2a23d680c877e,6537f74a955b4276769e5593,APPROVED,2023-10-24T20:14:19.421000Z,2023-10-24T20:28:10.561000Z,2023-10-25T12:29:07.702000Z,2023-10-24T20:28:11.018941Z,832,CVPIIDEI,6,37,Female,White,United States,United States,United States,English,No,Full-Time,
653825ab6d810a55d78c9956,61364bc1eb036faf8ae6cfd8,APPROVED,2023-10-24T20:14:38.739000Z,2023-10-24T20:22:25.658000Z,2023-10-25T12:29:14.250000Z,2023-10-24T20:22:26.100398Z,467,CVPIIDEI,478,22,Female,White,United States,United States,United States,English,No,Unemployed (and job seeking),
653826b907a62689af7fa944,62e6c5d05d354e1f99d612e4,APPROVED,2023-10-24T20:19:16.941000Z,2023-10-24T20:50:56.548000Z,2023-10-25T12:29:16.381000Z,2023-10-24T20:50:57.120465Z,1900,CVPIIDEI,1884,32,Male,Black,United States,United States,United States,English,No,Full-Time,
6538275ce6eee59b9a5e9077,608bfeec6afa5746bfc8d2be,APPROVED,2023-10-24T20:21:52.782000Z,2023-10-24T20:33:15.491000Z,2023-10-25T12:29:20.259000Z,2023-10-24T20:33:16.008844Z,683,CVPIIDEI,376,25,Female,White,United States,United States,United States,English,No,Other,
653827782b6b1b12fa11cf4f,65316cf927f7e5ebed37841b,APPROVED,2023-10-24T20:22:22.754000Z,2023-10-24T20:50:17.023000Z,2023-10-25T12:29:22.091000Z,2023-10-24T20:50:17.523656Z,1675,CVPIIDEI,3,32,Female,Mixed,DATA_EXPIRED,United States,United States,English,Yes,Part-Time,
65382736a9b4e5dfa92818d7,5de53996227eed0b8dd9c44d,APPROVED,2023-10-24T20:24:18.610000Z,2023-10-24T20:43:33.528000Z,2023-10-25T12:29:38.524000Z,2023-10-24T20:43:34.130187Z,1155,CVPIIDEI,1673,35,Female,White,United States,United States,United States,English,No,"Not in paid work (e.g. homemaker', 'retired or disabled)",
653827fb9bb1a6041cc0bd44,5efaffccf90911000c95a3cb,APPROVED,2023-10-24T20:24:29.765000Z,2023-10-24T21:17:16.136000Z,2023-10-25T12:29:39.953000Z,2023-10-24T21:17:16.641666Z,3167,CVPIIDEI,1014,32,Male,White,United States,United States,United States,English,DATA_EXPIRED,DATA_EXPIRED,
6538291a3ab9235f4b5774af,61464fe94ab78bd0f17d0dc0,APPROVED,2023-10-24T20:29:21.603000Z,2023-10-24T20:49:08.906000Z,2023-10-25T12:29:41.544000Z,2023-10-24T20:49:09.437840Z,1188,CVPIIDEI,946,31,Female,White,United States,United States,United States,English,DATA_EXPIRED,DATA_EXPIRED,
65382981a9b4e5dfa9281939,6039d32c28bb6055a5fe59b5,APPROVED,2023-10-24T20:31:05.883000Z,2023-10-24T20:50:07.643000Z,2023-10-25T12:29:42.648000Z,2023-10-24T20:50:08.232321Z,1142,CVPIIDEI,501,30,Male,DATA_EXPIRED,United States,United States,United States,English,DATA_EXPIRED,Full-Time,
65382a70ffd8a411ee7611e4,594936ad4152bf0001bfd5cd,APPROVED,2023-10-24T20:34:58.765000Z,2023-10-24T20:46:55.062000Z,2023-10-25T12:29:44.022000Z,2023-10-24T20:46:55.605293Z,717,CVPIIDEI,718,30,Female,White,United States,United States,United States,English,DATA_EXPIRED,DATA_EXPIRED,
65382ab6129a6c58aceeae00,56f2a49ced0cf600069131cd,APPROVED,2023-10-24T20:36:13.475000Z,2023-10-24T20:47:40.897000Z,2023-10-25T12:29:45.230000Z,2023-10-24T20:47:41.409821Z,688,CVPIIDEI,2880,34,Female,Mixed,United States,United States,United States,English,DATA_EXPIRED,DATA_EXPIRED,
65382ab8c340878dcb5c52da,5781c15381f331000139a89e,APPROVED,2023-10-24T20:36:14.094000Z,2023-10-24T21:53:25.899000Z,2023-10-25T12:30:06.461000Z,2023-10-24T21:53:26.384842Z,4632,NOCODE,4039,35,Female,White,Germany,United States,United States,English,No,Full-Time,
65382b45119235616bc22c65,5a8b3fa3b093f80001a80576,APPROVED,2023-10-24T20:38:35.524000Z,2023-10-24T20:56:54.364000Z,2023-10-25T12:29:50.395000Z,2023-10-24T20:56:55.068316Z,1099,CVPIIDEI,1748,34,Male,White,United States,United States,United States,English,DATA_EXPIRED,DATA_EXPIRED,
65382b8c69cbb7713ca4e6ad,6105e4e2b57f170990f20593,APPROVED,2023-10-24T20:39:44.014000Z,2023-10-24T21:19:13.291000Z,2023-10-25T12:29:52.934000Z,2023-10-24T21:19:13.955041Z,2370,CVPIIDEI,1094,21,Female,Mixed,United States,United States,United States,English,No,DATA_EXPIRED,
65382b9d6dcb413de211e287,61735e55ab7dfe9f9e48cb87,APPROVED,2023-10-24T20:40:03.681000Z,2023-10-24T20:56:02.785000Z,2023-10-25T12:29:54.578000Z,2023-10-24T20:56:03.817097Z,960,CVPIIDEI,907,28,Female,White,United States,United States,United States,English,No,Full-Time,
65382bbbc4ba1be5869e56c3,56f59251736c79000c2241f7,APPROVED,2023-10-24T20:40:30.289000Z,2023-10-24T21:27:58.117000Z,2023-10-25T12:29:55.819000Z,2023-10-24T21:27:58.635437Z,2848,CVPIIDEI,5602,33,Male,White,United States,United States,United States,English,No,DATA_EXPIRED,
65382b35e5433b77a582315d,57656f6c2bfddf000125cce5,APPROVED,2023-10-24T20:40:44.391000Z,2023-10-24T21:01:31.758000Z,2023-10-25T12:29:57.506000Z,2023-10-24T21:01:32.194962Z,1248,CVPIIDEI,2245,38,Male,White,United States,United States,United States,English,DATA_EXPIRED,DATA_EXPIRED,
65382bca1682cdb806f3734f,5dee896cf87f5552d3cd6502,APPROVED,2023-10-24T20:40:48.922000Z,2023-10-24T21:17:47.022000Z,2023-10-25T12:29:58.735000Z,2023-10-24T21:17:47.738886Z,2219,CVPIIDEI,1615,37,Male,White,United States,United States,United States,English,DATA_EXPIRED,DATA_EXPIRED,
65382c09b30cb993a5abd823,597761dfd5ddf60001d14b20,APPROVED,2023-10-24T20:41:48.449000Z,2023-10-24T21:03:38.076000Z,2023-10-25T12:30:01.025000Z,2023-10-24T21:03:38.656511Z,1310,CVPIIDEI,2262,38,Male,Asian,United States,United States,United States,English,DATA_EXPIRED,DATA_EXPIRED,
65382d301c35096f3f32e4ed,5aa26bda35237b000112e35d,APPROVED,2023-10-24T20:47:02.149000Z,2023-10-24T22:00:28.851000Z,2023-10-25T12:30:02.717000Z,2023-10-24T22:00:29.581406Z,4407,CVPIIDEI,830,27,Female,Asian,United States,United States,United States,English,DATA_EXPIRED,DATA_EXPIRED,
65382e5881b355801fd129d0,62dc597fd77d6332766c29a4,APPROVED,2023-10-24T20:51:42.594000Z,2023-10-24T21:08:01.448000Z,2023-10-25T12:30:03.885000Z,2023-10-24T21:08:01.950746Z,979,CVPIIDEI,1334,30,Male,Black,United States,United States,United States,English,DATA_EXPIRED,DATA_EXPIRED,
65382ea41f157a4bb325eb75,5c7135f1bd8e00000172fdf5,APPROVED,2023-10-24T20:52:55.782000Z,2023-10-24T21:03:29.488000Z,2023-10-25T12:30:05.230000Z,2023-10-24T21:03:29.993261Z,634,CVPIIDEI,4250,39,Male,White,United States,United States,United States,English,Yes,Full-Time,
65382d8fe54d2d659bdad9f7,63ed6bb63692bbe5e0e4f0c2,APPROVED,2023-10-24T20:52:57.632000Z,2023-10-24T21:11:30.921000Z,2023-10-25T12:30:09.329000Z,2023-10-24T21:11:32.182748Z,1114,CVPIIDEI,172,26,Male,White,United States,United States,United States,English,DATA_EXPIRED,Part-Time,
65382ed261ea7499895c513f,6469af575bcebf3f7e552039,APPROVED,2023-10-24T20:53:42.028000Z,2023-10-24T21:05:03.318000Z,2023-10-25T12:30:11.630000Z,2023-10-24T21:05:03.826191Z,682,CVPIIDEI,502,31,Male,White,Pakistan,United States,United States,English,No,Full-Time,
65382edafee26ff5fdbc9537,632096b5574155e8727c50cc,APPROVED,2023-10-24T20:53:48.658000Z,2023-10-24T21:20:43.915000Z,2023-10-25T12:30:12.989000Z,2023-10-24T21:20:44.412654Z,1616,CVPIIDEI,1631,30,Male,White,United States,United States,United States,English,No,DATA_EXPIRED,
653830d47986c7e8670a43a1,5f121091e95fdc03b5e897d0,APPROVED,2023-10-24T21:03:04.478000Z,2023-10-24T21:18:33.083000Z,2023-10-25T12:30:14.603000Z,2023-10-24T21:18:33.642440Z,929,CVPIIDEI,1999,30,Female,White,United States,United States,United States,English,Yes,Full-Time,
653912ceaa02fff466b6019f,6147b57356da2c40473e3e06,APPROVED,2023-10-25T13:06:30.310000Z,2023-10-25T13:31:22.983000Z,2023-10-26T00:07:09.464000Z,2023-10-25T13:31:23.921123Z,1493,CVPIIDEI,2879,35,Male,White,United States,United States,United States,English,No,Full-Time,
6539141f60348c88a74a5eab,610c2ed3e8d063ca63e9b4af,APPROVED,2023-10-25T13:12:04.040000Z,2023-10-25T13:40:14.325000Z,2023-10-26T00:07:11.188000Z,2023-10-25T13:40:14.920598Z,1691,CVPIIDEI,351,27,Female,White,United States,United States,United States,English,DATA_EXPIRED,DATA_EXPIRED,
6539154d410393c4b64a63bb,6524022b30e81247918e1f50,APPROVED,2023-10-25T13:17:05.185000Z,2023-10-25T13:42:55.813000Z,2023-10-26T00:07:12.909000Z,2023-10-25T13:42:56.328756Z,1551,CVPIIDEI,77,32,Female,Mixed,United States,United States,United States,English,No,DATA_EXPIRED,
653917d08edea0faa0f8cf30,6147a1c343f05087ff340b52,APPROVED,2023-10-25T13:27:48.032000Z,2023-10-25T14:36:53.141000Z,2023-10-26T00:07:14.626000Z,2023-10-25T14:36:53.645422Z,4146,CVPIIDEI,1611,36,Male,White,United States,United States,United States,English,DATA_EXPIRED,DATA_EXPIRED,
6539181e76ddfb72c2b85f6a,5ec4815fa0c12817c4f8e846,APPROVED,2023-10-25T13:29:07.835000Z,2023-10-25T13:38:03.394000Z,2023-10-26T00:07:34.389000Z,2023-10-25T13:38:03.917852Z,536,CVPIIDEI,827,26,Female,Black,United States,United States,United States,English,Yes,Unemployed (and job seeking),
6539187f897d68dd53a06960,5f2d95153c1140074cc81b4c,APPROVED,2023-10-25T13:30:46.351000Z,2023-10-25T14:07:39.172000Z,2023-10-26T00:08:31.823000Z,2023-10-25T14:07:39.626586Z,2213,CVPIIDEI,3533,39,Female,White,United States,United States,United States,English,DATA_EXPIRED,DATA_EXPIRED,
6539188bae4832647b7c1282,6050896eb3d95354f1e2cb8a,APPROVED,2023-10-25T13:30:53.978000Z,2023-10-25T13:54:42.425000Z,2023-10-26T00:08:25.123000Z,2023-10-25T13:54:42.897293Z,1429,CVPIIDEI,648,27,Female,White,United States,United States,United States,English,No,Part-Time,
6539198cc1d916e0c726ea62,63d13b586b230d231577a44b,APPROVED,2023-10-25T13:35:25.903000Z,2023-10-25T13:46:02.599000Z,2023-10-26T00:07:54.100000Z,2023-10-25T13:46:03.130568Z,637,CVPIIDEI,654,35,Female,White,United States,United States,United States,English,No,Full-Time,
653919994fcc9ac6dafd3f07,60d1af27fbac62dfb9687c96,APPROVED,2023-10-25T13:35:26.471000Z,2023-10-25T14:00:07.675000Z,2023-10-26T00:08:22.184000Z,2023-10-25T14:00:08.415921Z,1482,CVPIIDEI,400,22,Female,Asian,United States,United States,United States,English,DATA_EXPIRED,DATA_EXPIRED,
653919b234104f7c65bb80be,5e1907e796a3711d107baeb6,APPROVED,2023-10-25T13:35:50.639000Z,2023-10-25T13:43:58.925000Z,2023-10-26T00:08:42.031000Z,2023-10-25T13:43:59.390027Z,489,CVPIIDEI,801,26,Female,White,United States,United States,United States,English,No,"Not in paid work (e.g. homemaker', 'retired or disabled)",
653919d8190545416ac60d91,629a7466cebc9523d66d4d8e,APPROVED,2023-10-25T13:36:30.343000Z,2023-10-25T13:49:38.943000Z,2023-10-26T00:08:07.094000Z,2023-10-25T13:49:39.492621Z,789,CVPIIDEI,153,24,Female,White,United States,United States,United States,English,Yes,Part-Time,
65391a2c9992888f030bf351,63672f2f4815449a135bbcba,APPROVED,2023-10-25T13:37:54.804000Z,2023-10-25T13:59:54.816000Z,2023-10-26T00:07:55.887000Z,2023-10-25T13:59:55.369561Z,1321,CVPIIDEI,890,20,Male,White,DATA_EXPIRED,United States,United States,English,DATA_EXPIRED,DATA_EXPIRED,
65391a777b75780b13a0e99a,61186e3cfc2694eafd5170e4,APPROVED,2023-10-25T13:39:37.792000Z,2023-10-25T13:58:49.036000Z,2023-10-26T00:08:14.801000Z,2023-10-25T13:58:50.229262Z,1152,CVPIIDEI,625,26,Male,White,United States,United States,United States,English,No,Full-Time,
65391af7a035e6b68226eb75,5aa485b11eda41000136c94b,APPROVED,2023-10-25T13:41:11.015000Z,2023-10-25T13:57:23.082000Z,2023-10-26T00:08:53.467000Z,2023-10-25T13:57:23.700469Z,973,CVPIIDEI,918,36,Female,Asian,United States,United States,United States,English,No,Unemployed (and job seeking),
65391af5931a6efa054eed25,6130c9c7f70b6f67907d58d5,APPROVED,2023-10-25T13:41:13.219000Z,2023-10-25T13:51:28.682000Z,2023-10-26T00:08:13.515000Z,2023-10-25T13:51:29.163527Z,616,CVPIIDEI,3264,37,Female,White,United States,United States,United States,English,DATA_EXPIRED,Part-Time,
65391b4348bb12053c24b2e9,5ddc56d18ed6bfbc2cbb34bb,APPROVED,2023-10-25T13:42:31.493000Z,2023-10-25T13:59:31.088000Z,2023-10-26T00:08:46.461000Z,2023-10-25T13:59:31.697763Z,1020,CVPIIDEI,479,32,Male,White,United States,United States,United States,English,No,Part-Time,
65391b571687a74b48c60dc9,5e668d33ffed4c410e662f8a,APPROVED,2023-10-25T13:42:47.094000Z,2023-10-25T13:57:21.330000Z,2023-10-26T00:08:40.959000Z,2023-10-25T13:57:21.859546Z,875,CVPIIDEI,3569,40,Male,White,United States,United States,United States,English,DATA_EXPIRED,DATA_EXPIRED,
65391a686fb1207c054c7eaa,5f202fb60bd98f087818ea51,APPROVED,2023-10-25T13:43:23.631000Z,2023-10-25T14:01:51.341000Z,2023-10-26T00:08:33.011000Z,2023-10-25T14:01:52.033245Z,1108,CVPIIDEI,908,25,Male,White,United States,United States,United States,English,No,Full-Time,
65391b85d4fe07b8d3efe5df,5ea1ee658a9acd0eff894ae2,APPROVED,2023-10-25T13:44:01.435000Z,2023-10-25T14:06:48.295000Z,2023-10-26T00:08:39.842000Z,2023-10-25T14:06:48.847487Z,1367,CVPIIDEI,1262,30,Female,Black,United States,United States,United States,English,DATA_EXPIRED,DATA_EXPIRED,
65391baa7f5a2438736516cb,5f111456d672e8471ca03f46,APPROVED,2023-10-25T13:44:49.747000Z,2023-10-25T14:37:33.496000Z,2023-10-26T00:08:34.460000Z,2023-10-25T14:37:34.308764Z,3164,CVPIIDEI,2175,36,Female,Black,United States,United States,United States,English,No,Full-Time,
65391bcbcf658662476068d6,631b428359f449b8159625f8,APPROVED,2023-10-25T13:44:57.434000Z,2023-10-25T14:08:31.298000Z,2023-10-26T00:07:59.840000Z,2023-10-25T14:08:31.766600Z,1414,CVPIIDEI,890,36,Male,Asian,United States,United States,United States,English,No,Full-Time,
65391b44745bfc7f413b9eaf,5d863f244d401800016ece02,APPROVED,2023-10-25T13:46:11.356000Z,2023-10-25T14:38:44.013000Z,2023-10-26T00:08:47.663000Z,2023-10-25T14:38:44.658380Z,3153,CVPIIDEI,2066,28,Male,Black,United States,United States,United States,English,No,Part-Time,
65391c3dd44629fa048c92d7,60f98abd446a8ee5ed91a8cd,APPROVED,2023-10-25T13:46:41.492000Z,2023-10-25T14:16:29.971000Z,2023-10-26T00:08:18.174000Z,2023-10-25T14:16:30.507379Z,1789,CVPIIDEI,913,36,Male,White,United States,United States,United States,English,DATA_EXPIRED,DATA_EXPIRED,
65391c80aacf7be8da3b9eaa,60858334390f28f5a4fb79d3,APPROVED,2023-10-25T13:47:47.714000Z,2023-10-25T13:59:41.495000Z,2023-10-26T00:08:23.662000Z,2023-10-25T13:59:42.466821Z,714,CVPIIDEI,1673,34,Male,White,United States,United States,United States,English,No,DATA_EXPIRED,
65391c914fcc9ac6dafd3f96,5b56686fc09af90001f187a5,APPROVED,2023-10-25T13:48:11.482000Z,2023-10-25T14:00:30.172000Z,2023-10-26T00:08:50.617000Z,2023-10-25T14:00:30.748340Z,739,CVPIIDEI,868,27,Female,White,United States,United States,United States,English,DATA_EXPIRED,DATA_EXPIRED,
65391d51f07bcf1d6c1e2dc7,5a22d662d6fdbc00011c92ce,APPROVED,2023-10-25T13:51:19.672000Z,2023-10-25T14:06:56.266000Z,2023-10-26T00:08:54.644000Z,2023-10-25T14:06:56.724463Z,937,CVPIIDEI,2488,39,Male,White,United States,United States,United States,English,No,Full-Time,
65391d99f5296f80377ccd41,58c38ef58158840001b5c230,APPROVED,2023-10-25T13:52:31.813000Z,2023-10-25T14:15:24.024000Z,2023-10-26T00:08:57.735000Z,2023-10-25T14:15:24.536589Z,1373,CVPIIDEI,2594,36,Male,White,United States,United States,United States,English,No,Full-Time,
65391d96f136effdf9fd416c,5dea7a7df87f5519e686ff7b,APPROVED,2023-10-25T13:52:56.377000Z,2023-10-25T14:03:58.515000Z,2023-10-26T00:08:43.749000Z,2023-10-25T14:03:58.994955Z,663,CVPIIDEI,3156,37,Female,White,United States,United States,United States,English,No,DATA_EXPIRED,
65391dd329bd0c542efa1dad,6365c4871dc80ca12379cf8e,APPROVED,2023-10-25T13:53:30.210000Z,2023-10-25T14:07:16.027000Z,2023-10-26T00:07:57.674000Z,2023-10-25T14:07:16.542639Z,826,CVPIIDEI,1088,33,Male,White,United States,United States,United States,English,No,Unemployed (and job seeking),
65391dda0b183fdc3e1feb63,5f4962321798ec4bf94a655f,APPROVED,2023-10-25T13:53:42.243000Z,2023-10-25T14:03:22.484000Z,2023-10-26T00:08:30.450000Z,2023-10-25T14:03:23.092865Z,581,CVPIIDEI,859,37,Male,White,United States,United States,United States,English,DATA_EXPIRED,DATA_EXPIRED,
65391dffaacf7be8da3b9ef5,62def0e20f5de21c88a7ffe7,APPROVED,2023-10-25T13:54:10.897000Z,2023-10-25T14:22:17.001000Z,2023-10-26T00:08:02.549000Z,2023-10-25T14:22:17.614199Z,1687,CVPIIDEI,1494,30,Male,Mixed,United States,United States,United States,English,DATA_EXPIRED,DATA_EXPIRED,
65391e0d4e3ee7d0c1e5e304,6101912054abe1467fe3ced5,APPROVED,2023-10-25T13:54:26.745000Z,2023-10-25T14:18:11.139000Z,2023-10-26T00:08:16.833000Z,2023-10-25T14:18:11.683677Z,1425,CVPIIDEI,359,33,Female,Mixed,United States,United States,United States,English,No,DATA_EXPIRED,
65391e422809ce3b036517ca,5cfe79d535026c001a0d829c,APPROVED,2023-10-25T13:55:17.066000Z,2023-10-25T14:06:21.069000Z,2023-10-26T00:08:48.891000Z,2023-10-25T14:06:21.558329Z,665,CVPIIDEI,2566,36,Female,White,United States,United States,United States,English,Yes,DATA_EXPIRED,
65391e466b7a3dfe96f97f5d,643938b25859961c24ec8ae2,APPROVED,2023-10-25T13:55:26.137000Z,2023-10-25T14:07:59.865000Z,2023-10-26T00:07:50.100000Z,2023-10-25T14:08:00.381472Z,754,CVPIIDEI,251,29,Male,White,United States,United States,United States,English,No,DATA_EXPIRED,
65391e192c33798205c2de1e,6148f6fb0d27af3991e8d01e,APPROVED,2023-10-25T13:55:31.461000Z,2023-10-25T14:39:16.012000Z,2023-10-26T00:08:11.675000Z,2023-10-25T14:39:16.640086Z,2625,CVPIIDEI,165,26,Male,Other,United States,United States,United States,English,No,Full-Time,
65391e6c824423f6f38c9341,5eb18087e9d94a27f784874b,APPROVED,2023-10-25T13:55:58.595000Z,2023-10-25T14:29:25.077000Z,2023-10-26T00:08:38.653000Z,2023-10-25T14:29:25.655236Z,2007,CVPIIDEI,1012,34,Male,White,United States,United States,United States,English,DATA_EXPIRED,DATA_EXPIRED,
65391e5ff16717a968efe72a,5f565c9592080106c6b4d467,APPROVED,2023-10-25T13:56:07.610000Z,2023-10-25T14:09:16.249000Z,2023-10-26T00:08:27.768000Z,2023-10-25T14:09:16.753184Z,789,CVPIIDEI,2998,33,Female,Black,United States,United States,United States,English,No,Unemployed (and job seeking),
65391e7facb53b2104a88db4,63114fcf2fc8f4d507560901,APPROVED,2023-10-25T13:56:19.318000Z,2023-10-25T14:09:02.255000Z,2023-10-26T00:08:01.175000Z,2023-10-25T14:09:02.803813Z,763,CVPIIDEI,923,37,Female,White,United States,United States,United States,English,DATA_EXPIRED,"Not in paid work (e.g. homemaker', 'retired or disabled)",
65391ed9ef931c663114a9ba,5fc1b73a2001ea1cf3f3225c,APPROVED,2023-10-25T13:57:50.770000Z,2023-10-25T14:12:02.294000Z,2023-10-26T00:08:26.345000Z,2023-10-25T14:12:02.810970Z,852,CVPIIDEI,400,24,Female,White,United States,United States,United States,English,No,DATA_EXPIRED,
65391ee7cb77d17352b370e6,616f727b03e888e0f8213eec,APPROVED,2023-10-25T13:57:59.980000Z,2023-10-25T14:36:18.449000Z,2023-10-26T00:08:09.345000Z,2023-10-25T14:36:19.016516Z,2299,CVPIIDEI,1942,32,Male,White,United States,United States,United States,English,No,Full-Time,
65391ef4c07fd90eda6c1d64,60e7739644eb45bfddedf039,APPROVED,2023-10-25T13:58:16.276000Z,2023-10-25T14:15:15.003000Z,2023-10-26T00:08:20.682000Z,2023-10-25T14:15:15.780134Z,1019,CVPIIDEI,4174,35,Male,White,United States,United States,United States,English,DATA_EXPIRED,DATA_EXPIRED,
65391efa897d68dd53a06b45,62b4ef82055cec7135502ada,APPROVED,2023-10-25T13:58:18.661000Z,2023-10-25T14:36:50.839000Z,2023-10-26T00:08:05.675000Z,2023-10-25T14:36:51.545617Z,2313,CVPIIDEI,604,30,Male,White,United States,United States,United States,English,DATA_EXPIRED,DATA_EXPIRED,
65391f1a2324df7d17887d18,59715b4b50e2f000016fe00e,APPROVED,2023-10-25T13:59:02.659000Z,2023-10-25T14:38:16.243000Z,2023-10-26T00:08:56.318000Z,2023-10-25T14:38:16.879667Z,2354,CVPIIDEI,5033,40,Male,White,United States,United States,United States,English,DATA_EXPIRED,DATA_EXPIRED,
65391f38fa401a16f041ae41,65031aa6159da63d3719cbe9,APPROVED,2023-10-25T13:59:29.425000Z,2023-10-25T14:22:51.991000Z,2023-10-26T00:07:45.569000Z,2023-10-25T14:22:53.364167Z,1403,CVPIIDEI,198,34,Female,White,United States,United States,United States,English,No,Full-Time,
65391f4b1826bc90ce09b7ca,652e93aab0ce46b3f6afccbf,APPROVED,2023-10-25T13:59:50.724000Z,2023-10-25T14:12:30.249000Z,2023-10-26T00:07:44.269000Z,2023-10-25T14:12:30.762378Z,760,CVPIIDEI,15,37,Female,White,United States,United States,United States,English,No,Part-Time,
65391f35e3fb875426522483,6155b9c45f96867d9d9631fd,APPROVED,2023-10-25T14:00:23.891000Z,2023-10-25T14:27:12.143000Z,2023-10-26T00:08:10.517000Z,2023-10-25T14:27:12.620085Z,1609,CVPIIDEI,1293,30,Female,White,United States,United States,United States,English,DATA_EXPIRED,DATA_EXPIRED,
65391f891036b1d9b1f59c70,5eeba783164680119f2e30c7,APPROVED,2023-10-25T14:00:52.263000Z,2023-10-25T15:08:35.311000Z,2023-10-26T00:08:35.861000Z,2023-10-25T15:08:35.799411Z,4064,CVPIIDEI,4135,27,Female,Black,United States,United States,United States,English,No,Other,
65391e4d9992888f030bf462,62d06d1b651d6922f62fab9b,APPROVED,2023-10-25T14:02:54.943000Z,2023-10-25T14:15:10.357000Z,2023-10-26T00:08:03.801000Z,2023-10-25T14:15:10.781433Z,736,CVPIIDEI,257,28,Male,Mixed,United States,United States,United States,English,DATA_EXPIRED,DATA_EXPIRED,
65392273a5f8c30219b78e82,6234a7fc493d026318784c23,APPROVED,2023-10-25T14:13:11.579000Z,2023-10-25T14:34:39.804000Z,2023-10-26T00:08:08.204000Z,2023-10-25T14:34:40.273612Z,1289,CVPIIDEI,1600,20,Female,White,United States,United States,United States,English,DATA_EXPIRED,DATA_EXPIRED,
65393103c591c5651bea4a5c,6441a0b968ccfb017694a842,APPROVED,2023-10-25T15:15:39.548000Z,2023-10-25T16:05:53.051000Z,2023-10-26T00:07:48.193000Z,2023-10-25T16:05:54.401104Z,3014,CVPIIDEI,954,25,Male,Asian,United States,United States,United States,English,No,Full-Time,
